gender,title,first,last,street,city,state,zip,email,username,password,salt,md5,sha1,sha256,registered,dob,phone,cell,SSN,large,medium,thumbnail,version,nationality
male,mr,duane,ellis,"6708 homestead rd","fort worth",massachusetts,71446,duane.ellis89@example.com,tinyfish906,letmein2,zHO6roNA,bf844c4ef4f52d9064a30474ae04ecf9,322bfe1c41a93da511465fd906970daa7420aaa1,8852e5f20499458429d2be3ed003eef5e2d459cd6a29c3ea90f7ea7dbd759060,1236963950,523429895,(988)-153-8907,(890)-729-2774,177-83-3250,http://api.randomuser.me/portraits/men/18.jpg,http://api.randomuser.me/portraits/med/men/18.jpg,http://api.randomuser.me/portraits/thumb/men/18.jpg,0.6,US
male,mr,jamie,lawson,"7301 rolling green rd",oxnard,wisconsin,95613,jamie.lawson40@example.com,lazyladybug663,training,vICtsN92,1edf032ec518ea14578bc406a81dc271,6b9fd85215a5a817adea9fe355143155f58b6631,5377f033a21c4eeffb3868af3e367964218f2a9820dce04cda6ad885f75bdcc0,1091847204,755906614,(309)-600-1796,(996)-562-1441,498-39-4892,http://api.randomuser.me/portraits/men/59.jpg,http://api.randomuser.me/portraits/med/men/59.jpg,http://api.randomuser.me/portraits/thumb/men/59.jpg,0.6,US
male,mr,dale,sanders,"9314 lone wolf trail",columbia,texas,78030,dale.sanders30@example.com,browncat928,parker,NOl5CCy9,2497771511a8549ee8a7a6b529cc47cb,166ea8e79f6ef06c20a796595a457d41a5ea3e90,269aa2e60a442a93911eb67a8142ea860143e413af33d487426df86516ee8de1,1374069475,804572414,(502)-858-5517,(151)-900-6328,945-34-3819,http://api.randomuser.me/portraits/men/3.jpg,http://api.randomuser.me/portraits/med/men/3.jpg,http://api.randomuser.me/portraits/thumb/men/3.jpg,0.6,US
female,ms,peyton,oliver,"1829 wycliff ave",wichita,alabama,24133,peyton.oliver62@example.com,beautifullion238,matador,bp1nKu9W,a3739f180798a07c29dd15302a45edec,20bf002f33bf60355fa334c05d366748953a7c65,587d2c0c11ddb19c74f743ff48d351147c0491c2a13bccfbddd662c6f94cd956,1101425547,753811390,(283)-121-9144,(515)-143-1483,543-94-1158,http://api.randomuser.me/portraits/women/53.jpg,http://api.randomuser.me/portraits/med/women/53.jpg,http://api.randomuser.me/portraits/thumb/women/53.jpg,0.6,US
female,mrs,shelly,webb,"2371 sunset st",pomona,massachusetts,44595,shelly.webb20@example.com,orangeswan382,oooooooo,gH8Kbc17,5ae154bb59eefe5a2b1696a222918bd7,9b1fb91e052bef91de4dad7b5cef1e1bac627dce,98bd5f842220257d11182a24980c5aa974c8ff7402d0762dad9ce1152cf78190,1406148405,293207573,(261)-671-6305,(291)-491-6619,266-72-8712,http://api.randomuser.me/portraits/women/59.jpg,http://api.randomuser.me/portraits/med/women/59.jpg,http://api.randomuser.me/portraits/thumb/women/59.jpg,0.6,US
female,miss,savannah,williamson,"7402 fairview st",springfield,wisconsin,75148,savannah.williamson32@example.com,crazycat654,cookie1,i9YuZB27,dd4f285e39bcb27335d771f22e4d9c69,646129c52114facf3f40a5a8f3465dfcd00dc1a9,89b459df861e45270211989030f5d7d1672f1233846422e641de8ed463d4164a,1020071890,998523107,(956)-807-8249,(214)-411-7780,998-26-6975,http://api.randomuser.me/portraits/women/82.jpg,http://api.randomuser.me/portraits/med/women/82.jpg,http://api.randomuser.me/portraits/thumb/women/82.jpg,0.6,US
female,miss,leah,ramos,"7214 hunters creek dr","great falls",hawaii,58697,leah.ramos28@example.com,greenwolf313,tottenha,Rb6FWg7Z,cd997ca5d3563680671268d7aff24445,20977e0e4518ee216907ee51990c2407987449f1,2f33dbff8970cec8a5d7a17142f15c004665216cfc04f30f9a45d7132b181919,1049712399,827861355,(567)-495-8747,(412)-335-7171,159-89-6480,http://api.randomuser.me/portraits/women/61.jpg,http://api.randomuser.me/portraits/med/women/61.jpg,http://api.randomuser.me/portraits/thumb/women/61.jpg,0.6,US
female,mrs,lucy,sanchez,"9858 northaven rd","little rock",wyoming,45054,lucy.sanchez85@example.com,ticklishdog249,virginia,3cS3GmFv,82b5f891c976f4edece4804f5ff8d991,7311720ba70678cd925a21e2bba9e3aa65242779,098bc8614fe8c2c55146a8566460973cfba96feef0f239c1df40ba2f3e8de044,1374437915,1258921569,(818)-824-2942,(956)-916-5331,666-51-8615,http://api.randomuser.me/portraits/women/5.jpg,http://api.randomuser.me/portraits/med/women/5.jpg,http://api.randomuser.me/portraits/thumb/women/5.jpg,0.6,US
female,mrs,rebecca,hale,"6810 thornridge cir",forney,wyoming,73901,rebecca.hale16@example.com,silverelephant710,chicks,JwsAPRqV,e86d524ab0bfa4d7936fabfc6d3dfb9a,4c8b4203cde2a0fd9ae816a83ee6186f678f4d0b,a961e6fcac28a97b92e788f20e02d5de2a65195a58751fd9eb200bfea6070b27,1416097279,1188580073,(856)-645-5447,(462)-771-2910,572-17-4398,http://api.randomuser.me/portraits/women/55.jpg,http://api.randomuser.me/portraits/med/women/55.jpg,http://api.randomuser.me/portraits/thumb/women/55.jpg,0.6,US
female,miss,peggy,johnston,"5807 adams st",hayward,maine,70540,peggy.johnston35@example.com,purplemeercat376,oxford,nfIwOK1U,ab47ed5b9a8ba91d970cfd0ef5b309fa,445103fe5393d6ac51619a1b33d6b54fcc4ca2ef,d40023321825aadbf9e6e60223f3515e3bb88caacf4b2a5753daec9a5500c26d,980325626,984321448,(408)-886-2680,(150)-671-8952,784-11-6573,http://api.randomuser.me/portraits/women/70.jpg,http://api.randomuser.me/portraits/med/women/70.jpg,http://api.randomuser.me/portraits/thumb/women/70.jpg,0.6,US
male,mr,isaac,hart,"3365 white oak dr",charleston,minnesota,65425,isaac.hart86@example.com,whitebear942,coucou,ZghMH7W7,557920b173dc0e77ff7410d7062961f1,1a6164182d5d91b022a4d51f7d673073ad11b76d,44c5a546dc5e67da7e101d8a96880633826768f12603e4c6c34b926147b4fb17,1039733877,1030594726,(891)-746-5274,(634)-898-3261,417-59-2293,http://api.randomuser.me/portraits/men/91.jpg,http://api.randomuser.me/portraits/med/men/91.jpg,http://api.randomuser.me/portraits/thumb/men/91.jpg,0.6,US
male,mr,ronald,grant,"5286 bruce st",pueblo,montana,90637,ronald.grant23@example.com,silverfish423,festival,6Z0ZbQxa,81f6e903055377903d8bd3e1e3927a34,59d360c15677c1ca12388a85622275acc63205ec,52d8197b4674355aeaa89c77fe31aad448d205f96841f4d9010f1b7609e76e97,989524474,1388652373,(616)-951-6609,(280)-371-1522,473-83-3952,http://api.randomuser.me/portraits/men/32.jpg,http://api.randomuser.me/portraits/med/men/32.jpg,http://api.randomuser.me/portraits/thumb/men/32.jpg,0.6,US
female,ms,yolanda,gomez,"3617 wycliff ave",fresno,hawaii,67551,yolanda.gomez42@example.com,crazyduck900,punisher,9GFk3yv3,b7376bbd9fc85980220b67ffdfac4bb0,25e01695baadd9c7eb5eb7f6b87f36a1d3e738f5,175939f954a9fbd5bff11db8a2580249f95052cc47ff59dce298420a5d9cb881,1199119915,952678156,(749)-913-8744,(465)-588-8905,243-24-2401,http://api.randomuser.me/portraits/women/0.jpg,http://api.randomuser.me/portraits/med/women/0.jpg,http://api.randomuser.me/portraits/thumb/women/0.jpg,0.6,US
male,mr,hector,kim,"7211 edwards rd",charlotte,tennessee,76984,hector.kim89@example.com,lazywolf944,pounding,cQkB5maa,415fd1ff6c481c8cd1103acfa0a37f86,660daea5b2695b9b90430804943a34cb844b337b,31583768a276cdc242c080b3eedc4145e6f83db7cb9c086fcdef7e4a8f408823,1192555743,628928613,(996)-664-2606,(483)-110-1420,599-15-8288,http://api.randomuser.me/portraits/men/5.jpg,http://api.randomuser.me/portraits/med/men/5.jpg,http://api.randomuser.me/portraits/thumb/men/5.jpg,0.6,US
female,miss,caroline,anderson,"1960 timber wolf trail",manchester,virginia,31860,caroline.anderson46@example.com,blueladybug663,commando,3gpsKKBU,ce5c64b6e83c439b9bc7ce23a38b0418,1e913a3291f7339aad369f55e7f2cc983dcff33d,8b62eae8d935ba4b0da77dd4cbe4d9935323aa545d4826fda5997ceb4d4cf303,1055962874,34796612,(575)-266-8947,(531)-487-4713,897-63-2145,http://api.randomuser.me/portraits/women/2.jpg,http://api.randomuser.me/portraits/med/women/2.jpg,http://api.randomuser.me/portraits/thumb/women/2.jpg,0.6,US
female,miss,kristen,fernandez,"6889 cherry st","fountain valley",minnesota,63574,kristen.fernandez16@example.com,heavykoala147,trustme,loNsZQ50,83a2044ffef1222af041d45c9c9b0a08,2f874e1e069cd992922eee44696f821af8361247,0e6f3f922c896e128da8cf33ea2c6b8a8dd1aba2bfae066848cace2dcf4a581c,1244648751,865351426,(437)-854-5502,(478)-845-5941,535-84-8264,http://api.randomuser.me/portraits/women/63.jpg,http://api.randomuser.me/portraits/med/women/63.jpg,http://api.randomuser.me/portraits/thumb/women/63.jpg,0.6,US
male,mr,noah,romero,"6470 smokey ln",norwalk,massachusetts,59881,noah.romero53@example.com,lazyfish815,chemical,45nlsBts,d775c72edca0c55819516893e5669678,1f6185ddb6bbc0d35be4e9485b3c84d4ef196126,ecfae0811875736d50c897096463206b481698ac3d75248607c72f78d022993d,1336440396,698391247,(629)-658-2638,(975)-499-1620,465-31-9619,http://api.randomuser.me/portraits/men/71.jpg,http://api.randomuser.me/portraits/med/men/71.jpg,http://api.randomuser.me/portraits/thumb/men/71.jpg,0.6,US
male,mr,clayton,berry,"3110 lakeview st","broken arrow",tennessee,96556,clayton.berry18@example.com,organicbear811,ou812,kxJZsfnf,859539b7a3aa0b4fe7b3fae6c6d3a4f4,27466bb59a4b95f0a3e1d3764488cba6f4d020f1,c0075e64cd19282ac71db1615e809f558bbeca5263fc8d3222e487624b4e1082,1366028843,782091804,(315)-880-3470,(347)-467-5381,434-11-7085,http://api.randomuser.me/portraits/men/58.jpg,http://api.randomuser.me/portraits/med/men/58.jpg,http://api.randomuser.me/portraits/thumb/men/58.jpg,0.6,US
male,mr,tim,mccoy,"7179 mcclellan rd",yonkers,maine,65238,tim.mccoy94@example.com,bigmeercat556,italian,P9DGypMt,dc3fce9665c25a0902f0e1b858bd72bc,9c76b1d66c48cd8abaa37fb3dab087610ec749f0,f8b7b8d9deb6ba1fca661a797a5a3e872bd3399cfdc9dfa7136f98c5f0d702aa,1117236342,667526332,(326)-225-7424,(138)-290-7618,374-19-7497,http://api.randomuser.me/portraits/men/75.jpg,http://api.randomuser.me/portraits/med/men/75.jpg,http://api.randomuser.me/portraits/thumb/men/75.jpg,0.6,US
male,mr,jimmy,anderson,"6456 fincher rd",pittsburgh,"west virginia",10331,jimmy.anderson49@example.com,smallwolf688,warren,YZRSPbeh,2e8b69be65987c1b46a7bf514e1defa6,aa7ba1a4b815cbf82bfc5057e5785e4a86529982,f2e494782fb8778ca8b397019c608d4676a95405241841b5fc5332d9aad65805,1150486705,1071210591,(900)-417-3053,(238)-249-8934,976-54-3849,http://api.randomuser.me/portraits/men/87.jpg,http://api.randomuser.me/portraits/med/men/87.jpg,http://api.randomuser.me/portraits/thumb/men/87.jpg,0.6,US
female,ms,bella,day,"1947 mcgowen st",thornton,"west virginia",37063,bella.day80@example.com,organicfrog708,unknown,biXD1JZx,64ed2b63480f4f1cb87417601c810996,a05f369692fdb93b655c3f7ee01df47acbce7630,ff4a8e546228c074a462e6cb2b258f08206506bb3b70fe176e705c9e520f4337,1172909894,976373539,(383)-531-2748,(457)-751-4343,536-83-3760,http://api.randomuser.me/portraits/women/69.jpg,http://api.randomuser.me/portraits/med/women/69.jpg,http://api.randomuser.me/portraits/thumb/women/69.jpg,0.6,US
female,mrs,emily,hart,"1499 walnut hill ln",corona,arizona,98787,emily.hart78@example.com,bluepanda285,fubar,pnlKns7W,0a556579c7476790f66888e5cf9abb3e,40fcd24e3e7a01807c7d5eb873be62a1cdcfa5c5,39f9b9776ac21903c5d14fd539a5b6103d85861327de48031b5e2c37f1dadc9c,1032429573,1161811189,(258)-320-8548,(540)-134-8379,555-25-1265,http://api.randomuser.me/portraits/women/80.jpg,http://api.randomuser.me/portraits/med/women/80.jpg,http://api.randomuser.me/portraits/thumb/women/80.jpg,0.6,US
male,mr,luke,harrison,"3509 w dallas st",elgin,louisiana,34784,luke.harrison22@example.com,bigcat486,cottage,fOSGCWKS,e3ba12f68cc54b3ef0ddfd1bad704254,8eb7e583b49b3d8131ced22656bd7626a715824b,0dfd4489c397811e8b6867c74a7ccef88a60e248eb414e69a947415717780b29,1354950916,1136264663,(140)-102-4732,(962)-148-9134,969-88-6871,http://api.randomuser.me/portraits/men/71.jpg,http://api.randomuser.me/portraits/med/men/71.jpg,http://api.randomuser.me/portraits/thumb/men/71.jpg,0.6,US
male,mr,hugh,hanson,"1054 brown terrace",norwalk,minnesota,67363,hugh.hanson25@example.com,blacksnake518,tulips,CUu74yUt,abb951218a82c69b8a91e46063343ce2,dc017f22b15a7af40e6dfcbab98adeb99c4124e5,cf591f02d8b6eb122b2fd57124ed0a4b0ab93e66f885bf86a3b681a54b070134,1344090181,991538023,(983)-923-3639,(825)-661-7939,318-95-1039,http://api.randomuser.me/portraits/men/45.jpg,http://api.randomuser.me/portraits/med/men/45.jpg,http://api.randomuser.me/portraits/thumb/men/45.jpg,0.6,US
female,ms,emily,sanchez,"4890 preston rd",bakersfield,georgia,85633,emily.sanchez84@example.com,greencat523,dale,VsFIW4jp,e04da9efe6d028133081402ebb80e444,866fba5fade97cba8d86354b85137a4eb072dbe3,38e58f40298d2ea058650dd181d2af16219b9bd697ff6e32f258f10e280c3734,1380430936,1251455199,(256)-144-2296,(740)-146-5816,397-10-5787,http://api.randomuser.me/portraits/women/70.jpg,http://api.randomuser.me/portraits/med/women/70.jpg,http://api.randomuser.me/portraits/thumb/women/70.jpg,0.6,US
female,miss,susan,rodriguez,"1822 fairview st","round rock",alaska,76949,susan.rodriguez40@example.com,yellowgorilla1,qwer1234,JvJgSORP,fc407a875ffc59973f5f5cef7b5afa5d,1a26cd683930b7d4db3873ab89e1d8819f322798,b4ccb246a4e1e1286240649f2fed5ec6fc7dc5fe32bb44884b53dfa785e39968,990851244,393440190,(529)-533-6112,(139)-810-5916,177-26-3831,http://api.randomuser.me/portraits/women/74.jpg,http://api.randomuser.me/portraits/med/women/74.jpg,http://api.randomuser.me/portraits/thumb/women/74.jpg,0.6,US
female,ms,claire,caldwell,"8662 paddock way",evansville,montana,41994,claire.caldwell50@example.com,bluebird342,ibanez,8LkNZM6o,b2d0a631daed61afbe6a6465b9602b1a,d72cda25447ac1f074757c41bd5e4cc2b6e086e8,154dcbf5a2716c93255e7e466f1fd4ddd34be679f132a97a894d8dd23db2709e,1106948775,24640160,(153)-630-2616,(178)-758-5854,895-25-6678,http://api.randomuser.me/portraits/women/68.jpg,http://api.randomuser.me/portraits/med/women/68.jpg,http://api.randomuser.me/portraits/thumb/women/68.jpg,0.6,US
female,miss,pamela,berry,"4479 royal ln",palmdale,hawaii,92296,pamela.berry75@example.com,beautifulleopard110,tara,z0tKHIw8,9119ef2b20f5f958bb33214bc04d7190,4c29701a43d433dc7eba8c9ad9625e8f2caf84d0,ab98d6d0f00b49a66de75035f780e8184d93693205fce7ea1f95c6cf909583ea,946289153,251541519,(885)-292-7980,(332)-469-4239,929-78-3921,http://api.randomuser.me/portraits/women/89.jpg,http://api.randomuser.me/portraits/med/women/89.jpg,http://api.randomuser.me/portraits/thumb/women/89.jpg,0.6,US
male,mr,tristan,hoffman,"3300 preston rd",gresham,ohio,76540,tristan.hoffman39@example.com,blacklion240,tsunami,sKdWiNWL,3aaa4aa9b982ae502e793ecd449faec1,8195ea9a8cb0faabe3aa80eff886269808e300cf,95b7bb102386fe05cd38c0ce8a3400e9154b3306590ff1584193056960f82a3d,1020825454,1274573998,(904)-840-5410,(224)-362-1017,140-29-7293,http://api.randomuser.me/portraits/men/71.jpg,http://api.randomuser.me/portraits/med/men/71.jpg,http://api.randomuser.me/portraits/thumb/men/71.jpg,0.6,US
male,mr,willard,garza,"6443 pockrus page rd",sacramento,delaware,54670,willard.garza27@example.com,brownmouse622,aikman,COfLVyaP,8845c5fddcac67cc8e2a685b7d586303,39cded85214a4ea998d2f0464016c5d5ee2bba88,9f0e696906e17dfcee5987aa9ce194d77c008884def23d0345fb28a97ab91da9,1276229954,669165142,(273)-873-3822,(824)-633-3134,299-66-7450,http://api.randomuser.me/portraits/men/94.jpg,http://api.randomuser.me/portraits/med/men/94.jpg,http://api.randomuser.me/portraits/thumb/men/94.jpg,0.6,US
male,mr,wayne,myers,"4931 marsh ln",stamford,kentucky,64485,wayne.myers92@example.com,whiteswan355,indon,TxccNHwm,6ebd09cbe34d9c50309dbc2b9d63a54a,4081e8d49303d6e392ff02438152bbf749bad320,65f6f946ee1e6108cc05f30c9b26e896920c1d409d6ad3b9a189cc8229207230,1163005470,1209013445,(868)-650-9615,(501)-234-1342,370-45-4556,http://api.randomuser.me/portraits/men/51.jpg,http://api.randomuser.me/portraits/med/men/51.jpg,http://api.randomuser.me/portraits/thumb/men/51.jpg,0.6,US
female,mrs,gertrude,barrett,"1027 stevens creek blvd",duncanville,nebraska,44591,gertrude.barrett92@example.com,beautifulsnake136,villa,IwDTXidY,a8c077583a6a0a1d640817bed9914f73,17ed440295aa647c364ca7bb43d7f740286ed197,f776b91f75c8c4699e2b5a56a7cac92e4a2a0ee5a7535a5b89c595ff785aff68,1219336011,131289174,(303)-646-8750,(809)-186-7225,835-31-3667,http://api.randomuser.me/portraits/women/77.jpg,http://api.randomuser.me/portraits/med/women/77.jpg,http://api.randomuser.me/portraits/thumb/women/77.jpg,0.6,US
male,mr,herbert,graves,"4191 washington ave",houston,idaho,26738,herbert.graves32@example.com,silverlion996,markus,gasgm1N3,54012b310dc57da4d57d5e942646af44,1a95bcf5f3a30279c5294c2b82ab89b738ec8d11,22b3c3ff7d53f7720aebb06c1c20de341265c218f193fca20e96e4ae6e51d0ef,1200137796,756041971,(978)-548-4668,(517)-512-8828,239-93-1173,http://api.randomuser.me/portraits/men/2.jpg,http://api.randomuser.me/portraits/med/men/2.jpg,http://api.randomuser.me/portraits/thumb/men/2.jpg,0.6,US
male,mr,mario,mitchelle,"7969 nowlin rd","santa rosa","new york",41328,mario.mitchelle25@example.com,crazygoose215,homerun,8tMW5anR,3e5bcd1dd8c5f3e26f787cce5d6f59ff,106a00eebc7907cba3b09433b44f9335f196087a,8bef1f3365c115c542fb154ba2954d45906c9079ae8ff93ebcbd37dbcf928af2,1189299771,479746567,(208)-616-3072,(725)-262-8332,533-96-8010,http://api.randomuser.me/portraits/men/70.jpg,http://api.randomuser.me/portraits/med/men/70.jpg,http://api.randomuser.me/portraits/thumb/men/70.jpg,0.6,US
male,mr,tyrone,craig,"7142 samaritan dr","round rock",michigan,74031,tyrone.craig72@example.com,lazylion680,nathanie,AMQ0wBUt,9dbef96795a8098b44b96a372ef40acd,edb99d2860d69d52ae2a11599b47a4d51ff358f3,41c9900babec1d0b672a9e170a4d84d05ac5813612fd6108ddd96e053c1b635c,1419891839,1391633219,(108)-340-8890,(808)-777-6518,841-89-6928,http://api.randomuser.me/portraits/men/84.jpg,http://api.randomuser.me/portraits/med/men/84.jpg,http://api.randomuser.me/portraits/thumb/men/84.jpg,0.6,US
male,mr,patrick,palmer,"7310 e little york rd","south bend","north dakota",34708,patrick.palmer62@example.com,silverdog21,mexican,4TINY1y7,262b7121f5bc7b101c0e22c5689b0786,d14acfcd9bf4099a9cdee44a47da2c6a9cab702f,f7f9cfa5634ad55ef4abfd10238d9290e76248d611c848e307267fade5f8ff50,947381164,486552554,(124)-215-3462,(886)-306-1957,539-67-5923,http://api.randomuser.me/portraits/men/47.jpg,http://api.randomuser.me/portraits/med/men/47.jpg,http://api.randomuser.me/portraits/thumb/men/47.jpg,0.6,US
female,ms,carmen,lane,"1527 e center st",abilene,illinois,80909,carmen.lane14@example.com,lazypeacock565,manny,2hchszdL,dfca201be09e1b2092f3a48a4c1b4130,8241ea808c2c82ba8695cf5bfea6895dadf7b04f,c5e4662cc99b92cf2f122241dfa567b940344656b80bf246d10eba15764777ed,1313861967,989955338,(989)-967-3597,(505)-788-5453,582-54-3711,http://api.randomuser.me/portraits/women/66.jpg,http://api.randomuser.me/portraits/med/women/66.jpg,http://api.randomuser.me/portraits/thumb/women/66.jpg,0.6,US
male,mr,maurice,riley,"6142 spring hill rd",honolulu,massachusetts,94684,maurice.riley38@example.com,yellowpeacock862,changeme,a0O33ead,2cb5c5cdec3d08edd04e7e672db050ca,a00148d0a14ebee96ef337073563688a1397157f,d0b14e60b7cb711ebdf764a9581883f81ece6c8a648857a2124cb6e99f080a59,1345911345,1216365584,(334)-221-6360,(447)-948-5202,496-40-2792,http://api.randomuser.me/portraits/men/37.jpg,http://api.randomuser.me/portraits/med/men/37.jpg,http://api.randomuser.me/portraits/thumb/men/37.jpg,0.6,US
female,ms,jill,bailey,"8414 hamilton ave",louisville,nebraska,19907,jill.bailey50@example.com,blackwolf815,stafford,SrzxSK9c,e9b0c713ec89cca83ce9dbf480f53b2e,e86dc0b3214416889aa7fc88c919ad98d25ac232,680806b1ed2089c17d71b4a87c820107cd2305810037bb6a97b067ff6c722488,1291532620,966320134,(751)-336-6517,(348)-902-7017,698-73-5355,http://api.randomuser.me/portraits/women/62.jpg,http://api.randomuser.me/portraits/med/women/62.jpg,http://api.randomuser.me/portraits/thumb/women/62.jpg,0.6,US
female,ms,juanita,edwards,"9221 oak lawn ave","cape fear","south carolina",85297,juanita.edwards32@example.com,goldentiger982,1030,1suO0P7U,7ea79997bf635bd3815600eae5a7e357,79980494059bcfc7f739243dcbb048dc95c29234,b6ba8b8920fdb468d154716d4e253014e7b8e07c5c7dde176ad94bee7a02249c,974859743,792732288,(269)-533-4047,(425)-258-6626,869-99-4961,http://api.randomuser.me/portraits/women/71.jpg,http://api.randomuser.me/portraits/med/women/71.jpg,http://api.randomuser.me/portraits/thumb/women/71.jpg,0.6,US
female,mrs,deanna,simpson,"3998 w gray st",killeen,oklahoma,52604,deanna.simpson83@example.com,organiccat217,madcat,19ZDMnMM,f8bfaaedb8dc29035eaa93f087b5ca0d,1b97dff995b378498932db9f1e34e8af8fb24294,b33ccad4bd0d4918bf42724efcba09e37eaa1c78c4effcec9f941965d589f29e,1204649966,830406350,(656)-706-8216,(618)-601-4262,733-73-3077,http://api.randomuser.me/portraits/women/79.jpg,http://api.randomuser.me/portraits/med/women/79.jpg,http://api.randomuser.me/portraits/thumb/women/79.jpg,0.6,US
female,miss,irma,thompson,"6574 locust rd",mesa,"north dakota",68249,irma.thompson92@example.com,tinyfrog990,cristina,AVR8mJ5m,a89cd1d6c42d2c3bf55632aed0f4ad4d,9d9084f7cceb4961b4f56c544125a4576e79fb15,90054cab15fbb7f355e5a6eef129cd481eaa54ca217309d4311513fe071628d8,1155834446,1102828289,(951)-568-9134,(640)-440-2490,263-38-7275,http://api.randomuser.me/portraits/women/24.jpg,http://api.randomuser.me/portraits/med/women/24.jpg,http://api.randomuser.me/portraits/thumb/women/24.jpg,0.6,US
male,mr,gabe,payne,"3007 w sherman dr",rockford,arizona,97469,gabe.payne46@example.com,organicladybug188,tower,VoBIp1mi,72b5d568c474d74b10dbd770e106c6c4,4a1cb40df535eda9fb01642efde129607da8579b,e539168db33ec02f81ff2c1841050612262b4f70f26e6127dad76b39b8dd988f,995675226,708602567,(898)-781-1999,(480)-511-5851,505-34-7304,http://api.randomuser.me/portraits/men/75.jpg,http://api.randomuser.me/portraits/med/men/75.jpg,http://api.randomuser.me/portraits/thumb/men/75.jpg,0.6,US
male,mr,gabriel,armstrong,"2352 northaven rd",dumas,kentucky,38681,gabriel.armstrong17@example.com,ticklishmeercat677,volcom,4m9nCT8L,f5c9d3bb8a9c13ce67c72d0d9966590e,bfc4c632925b231661b43ba520cfded2341cf3c6,1fe3e15251298b97282f7d4868f9f6622d1e51b48d5aab9e51b15a718729cf26,1292904407,1321945000,(902)-597-2795,(379)-536-4437,402-16-3599,http://api.randomuser.me/portraits/men/76.jpg,http://api.randomuser.me/portraits/med/men/76.jpg,http://api.randomuser.me/portraits/thumb/men/76.jpg,0.6,US
female,miss,alexa,davis,"6185 w sherman dr",clarksville,"new york",53116,alexa.davis41@example.com,bigbear685,milton,f234x78r,6546359379a517b1662113a52ff2bc29,703edf5a4ad3533e0f5cebb9ab979ddaa7b845b7,8d7f35d676a981307f4a95bc55e98fbd17c08486dd03769b68ba6f36d70e1581,1398981147,362852667,(433)-353-8723,(898)-966-4948,646-52-2067,http://api.randomuser.me/portraits/women/91.jpg,http://api.randomuser.me/portraits/med/women/91.jpg,http://api.randomuser.me/portraits/thumb/women/91.jpg,0.6,US
female,miss,jeanne,lewis,"3186 e north st","farmers branch",maine,32346,jeanne.lewis50@example.com,yellowswan142,calvin1,cIiewuky,94fa03414140c81bd0b4df764c44a6ba,05381318cdd62f0fe71f6a97480909ba27b53414,4dafbd8a6e7719d9e2c5dbe0c76950a08320b1f1936362a2dfdefc9ee9c87f0a,1125566206,573849301,(693)-121-9219,(318)-703-5895,154-53-9832,http://api.randomuser.me/portraits/women/95.jpg,http://api.randomuser.me/portraits/med/women/95.jpg,http://api.randomuser.me/portraits/thumb/women/95.jpg,0.6,US
male,mr,lonnie,dixon,"3706 westheimer rd",philadelphia,vermont,75640,lonnie.dixon65@example.com,purplegorilla464,eleven,Vxbt6Zx0,69aeea6dfa0ef37bf820c9840fc528a1,d152309053f6de7d2b1eb5aba212ba5443fa47c0,8338b514433b4675734369678cf1b4a57c42e2e6c0834381e3309be374bd51eb,1412560240,89329377,(545)-848-5058,(529)-486-2986,222-58-9245,http://api.randomuser.me/portraits/men/67.jpg,http://api.randomuser.me/portraits/med/men/67.jpg,http://api.randomuser.me/portraits/thumb/men/67.jpg,0.6,US
male,mr,tony,morrison,"6175 thornridge cir",altoona,"south dakota",91693,tony.morrison20@example.com,crazyladybug736,puffy,dv2vG28S,aa43e49ce57dcbd8467eef3b8d133daa,3169c64a906ef1cc021e5ca1f435428a5cf381b3,dab74d2a9a101c9636a38e47492724e5a028251dfbeb01dfb37f8ae20bc82bb3,985242082,407994544,(984)-149-4694,(130)-257-7594,705-52-7356,http://api.randomuser.me/portraits/men/15.jpg,http://api.randomuser.me/portraits/med/men/15.jpg,http://api.randomuser.me/portraits/thumb/men/15.jpg,0.6,US
female,miss,stella,powell,"8056 hillcrest rd","coral springs",alabama,34115,stella.powell42@example.com,ticklishlion645,conan,sR1LPzq0,f4f4ce8b44e0f47924008cfd57fada94,99a340120c771fb496e302d031ba12a9d8197650,25d3874c9c19a8d07367fa8e424024feefed0bfc18f6e948632c80fba0c0d538,1264407130,504300027,(794)-346-2580,(497)-504-6007,713-54-9412,http://api.randomuser.me/portraits/women/12.jpg,http://api.randomuser.me/portraits/med/women/12.jpg,http://api.randomuser.me/portraits/thumb/women/12.jpg,0.6,US
female,miss,heidi,hamilton,"4855 lovers ln",burbank,michigan,23737,heidi.hamilton37@example.com,purplekoala693,ziggy,fKrt0jxu,d33c3b1ec035aa25f61886c055f931a5,79ee1d50c96292460a236711157fb5ac6fcb4627,bf917c4c9b8fcee4184dd4c858d47e6a6164280746063fb71aef6a1f4000f80d,1333804984,931998008,(855)-708-4263,(246)-797-1854,547-45-9471,http://api.randomuser.me/portraits/women/63.jpg,http://api.randomuser.me/portraits/med/women/63.jpg,http://api.randomuser.me/portraits/thumb/women/63.jpg,0.6,US
female,ms,brandy,rodriguez,"4441 royal ln",ironville,delaware,76273,brandy.rodriguez67@example.com,whitepanda668,hilton,HeHJvfSi,d86c7a3a9954e0f299c8d860cf25ca1d,216ca90d00a13d2f06cccdca25e517d9cc8fa2c6,047a7d182ecb5f308a350eb7343a56285023f49405da5a28635941fafc6e89d1,1193949519,1056237962,(166)-123-2282,(155)-479-3225,569-93-3749,http://api.randomuser.me/portraits/women/51.jpg,http://api.randomuser.me/portraits/med/women/51.jpg,http://api.randomuser.me/portraits/thumb/women/51.jpg,0.6,US
female,miss,tracey,curtis,"4178 pockrus page rd","port st. lucie",alaska,98089,tracey.curtis59@example.com,browngorilla568,whocares,59BchmMV,202e2d1db5e8bd7bb9a74cdb82a3d29c,8a8c1e76f22686fd6c7f340744bf3c034fa68032,27135ee67639e60d70f615898030ebc072d75a577fcf4098ac02ba28607b4a33,1287538747,639865619,(387)-223-5866,(988)-686-9457,313-51-8932,http://api.randomuser.me/portraits/women/8.jpg,http://api.randomuser.me/portraits/med/women/8.jpg,http://api.randomuser.me/portraits/thumb/women/8.jpg,0.6,US
female,ms,dianne,moreno,"9993 hillcrest rd",stanley,ohio,93542,dianne.moreno52@example.com,brownfish334,webmaste,FBoRBgi3,f318876d297ad256a4667533080cb4a5,b6211d2fd3d092d0234183eaf9edd79c3fd255e2,7f3601c5fe3020d8cb4696e7329e64f4ff7df0074cb8580f8a5f185e385f21a9,922302854,282267133,(826)-219-6186,(103)-187-4199,236-37-8171,http://api.randomuser.me/portraits/women/29.jpg,http://api.randomuser.me/portraits/med/women/29.jpg,http://api.randomuser.me/portraits/thumb/women/29.jpg,0.6,US
female,ms,diana,vargas,"1775 shady ln dr",buffalo,wyoming,46988,diana.vargas29@example.com,orangepeacock935,buddah,pm5YP3bj,bb963f31d9e98473dd941fc3eababac0,faeae44b98d6095eaf09d75ede3d3129f2117a47,0506fe317d68a7180c9f3fba96ee7ace4fb2bf462b60ccd0317b1779facfaee6,1167080618,958899130,(175)-217-4440,(851)-155-7358,119-16-1105,http://api.randomuser.me/portraits/women/58.jpg,http://api.randomuser.me/portraits/med/women/58.jpg,http://api.randomuser.me/portraits/thumb/women/58.jpg,0.6,US
female,miss,candice,steward,"7855 adams st",athens,california,83015,candice.steward25@example.com,bluemeercat952,seminole,AoIYCXQS,91bbf256593be41d00e2e31ddb175260,df73b36f82235a785649e1f58278b15b0dad4611,7e1f8657c79f406daf220dd3bd4eec85c1cb7f9b94baf3e01ba644f1e526786b,1215462452,356738400,(529)-788-8777,(168)-319-4497,748-27-5701,http://api.randomuser.me/portraits/women/52.jpg,http://api.randomuser.me/portraits/med/women/52.jpg,http://api.randomuser.me/portraits/thumb/women/52.jpg,0.6,US
male,mr,daryl,torres,"8481 rolling green rd","cape coral",tennessee,83732,daryl.torres78@example.com,smallwolf129,slave1,KBGuRYy1,540b68e1ff1344a902b9c4d6dfcb54f9,c454b032ed6ab8c39fe6e90855fa66099dcd3117,28f1c07cdbd17a6ce060884d3be62fd3fd967bf828573e937f7f0a2748e2720b,1380317243,637451663,(947)-105-3786,(233)-261-3775,792-64-8497,http://api.randomuser.me/portraits/men/10.jpg,http://api.randomuser.me/portraits/med/men/10.jpg,http://api.randomuser.me/portraits/thumb/men/10.jpg,0.6,US
male,mr,elijah,stewart,"9639 wycliff ave",sacramento,connecticut,67912,elijah.stewart12@example.com,organicfish456,bong,jALQYEOU,2568d8f6453d43229dfe962bd2e8d9ac,063315114f3f9dabf36e6b4331ffba3ea93ab5c6,a0483dea8d640af9473328fe4733d8b86b77bf641a4768fdd712c1ac88075935,1009192957,53191226,(936)-657-7390,(889)-907-7738,667-71-4382,http://api.randomuser.me/portraits/men/44.jpg,http://api.randomuser.me/portraits/med/men/44.jpg,http://api.randomuser.me/portraits/thumb/men/44.jpg,0.6,US
female,miss,crystal,shelton,"4092 camden ave",dayton,oregon,15991,crystal.shelton91@example.com,organicdog29,chivas,x4dseIRy,32910e4a96c090a1fe761232c25d5094,ef8f0b02e3bd604c7e444304369a80570e982b32,5925020c32f5e0305a88b8be33f541a4943b69219e38d31ef53753b63be37a24,1095007324,1234497503,(271)-612-8342,(980)-140-2366,404-98-4911,http://api.randomuser.me/portraits/women/38.jpg,http://api.randomuser.me/portraits/med/women/38.jpg,http://api.randomuser.me/portraits/thumb/women/38.jpg,0.6,US
male,mr,kevin,perez,"9042 miller ave","santa rosa",maryland,27867,kevin.perez67@example.com,orangetiger267,mathew,WnVZ2y5C,a952810d414244f37a659e26544c6d46,33d831a964e6e35e942e72b8b03af22d4cf6b6b5,98773e081dbfe2ea8c5e6eb71857546133778ae90743b2d8a6f2830fde569bd6,942117718,1416242948,(415)-598-6985,(713)-926-7467,435-30-5244,http://api.randomuser.me/portraits/men/42.jpg,http://api.randomuser.me/portraits/med/men/42.jpg,http://api.randomuser.me/portraits/thumb/men/42.jpg,0.6,US
female,ms,miriam,gomez,"9036 shady ln dr",odessa,"north dakota",40041,miriam.gomez58@example.com,tinyswan404,4417,i6YVKegZ,fa495caf9a42915142addced84472de0,2dc049471013037c71cb46bb9dbf796160ec3f40,1de877b41ec61cda5804d2bb165ee6ca853e35989428332a7b1bf381573acf46,1182954092,237115559,(538)-210-8588,(472)-502-9034,300-45-2481,http://api.randomuser.me/portraits/women/26.jpg,http://api.randomuser.me/portraits/med/women/26.jpg,http://api.randomuser.me/portraits/thumb/women/26.jpg,0.6,US
female,ms,ella,hansen,"2013 cackson st",roanoke,pennsylvania,49349,ella.hansen75@example.com,crazypanda320,tootsie,50i2OJnO,7adc83c3486f4b65241ea254351d8b16,4ea4778265b39356e6c16212f122c9bd2e3c4457,9b5eaebd054100379c90a6425ea3c4c278d5aed167b5d1d1d029b8ff90a754f5,1229083426,1323549920,(582)-941-6560,(145)-205-1767,867-29-6127,http://api.randomuser.me/portraits/women/34.jpg,http://api.randomuser.me/portraits/med/women/34.jpg,http://api.randomuser.me/portraits/thumb/women/34.jpg,0.6,US
female,ms,veronica,burke,"2952 wycliff ave",york,illinois,46134,veronica.burke36@example.com,organicsnake206,russell,dDpiqcty,8e521f992c3f62295f7950d589447496,d7adb260695af9cfd7867deb9f54c96af8825b7a,823d9224e1927be0ff28d4756b44b51157df3f9cb33de842648bb9d44cd03921,1165834877,320837586,(335)-213-2888,(774)-405-6019,879-29-3836,http://api.randomuser.me/portraits/women/63.jpg,http://api.randomuser.me/portraits/med/women/63.jpg,http://api.randomuser.me/portraits/thumb/women/63.jpg,0.6,US
female,mrs,lori,garcia,"6456 nowlin rd","santa maria",utah,74746,lori.garcia50@example.com,brownbird538,smoothie,Up3ffKb1,fb7def9d46bf1d26de32b82099dd37c5,2403926c32ee7b7739cae2aa6bfb43f961e8d194,f566575b5903794b8d6833db921bfa531a5acab739c142713fcc06c08b712df2,1329845713,155519321,(717)-588-5114,(510)-675-7254,406-10-4854,http://api.randomuser.me/portraits/women/10.jpg,http://api.randomuser.me/portraits/med/women/10.jpg,http://api.randomuser.me/portraits/thumb/women/10.jpg,0.6,US
male,mr,connor,craig,"5140 nowlin rd","long beach",connecticut,17984,connor.craig98@example.com,bluesnake931,pass1234,JOfZ5DCj,92b85be1ea242956bf75fb0e7c0d21e4,b7349731b3dfcd12a0872b76ee55b50c2f73f062,09e07f7b304567c76a314b5936962c194f9d8db72fc30de7f6983de3edd7708b,1149428991,648859685,(208)-139-2049,(589)-952-3849,479-91-3520,http://api.randomuser.me/portraits/men/34.jpg,http://api.randomuser.me/portraits/med/men/34.jpg,http://api.randomuser.me/portraits/thumb/men/34.jpg,0.6,US
male,mr,jack,schmidt,"8111 marsh ln",westminster,louisiana,57961,jack.schmidt15@example.com,purplecat458,shun,1fZRlHNc,7097579438ef39eee5acfb5fd3758716,50dc0dfb0b3fb80e4e879525e593e15b8a6c4e9d,272395b89d8ed22337732d96a0a9fa53e0e5bddc3017cb0c6db0ce69c069944a,1134660803,775250798,(223)-267-3271,(871)-801-2210,807-96-7450,http://api.randomuser.me/portraits/men/26.jpg,http://api.randomuser.me/portraits/med/men/26.jpg,http://api.randomuser.me/portraits/thumb/men/26.jpg,0.6,US
male,mr,arron,moreno,"5385 dogwood ave",gresham,"new york",14017,arron.moreno64@example.com,orangeswan14,seven7,Eiy4AxQ9,c75807670fbd7edfd8bcb49453ae18a6,69cf443c36a8ba8e80d10096a251269446e42934,9ca7a7415e46ddb64b6ca73b9378caa3e5951988e1446996447654871154d8ac,1147346985,129231146,(371)-574-4338,(829)-868-6381,643-14-4095,http://api.randomuser.me/portraits/men/18.jpg,http://api.randomuser.me/portraits/med/men/18.jpg,http://api.randomuser.me/portraits/thumb/men/18.jpg,0.6,US
male,mr,jordan,carter,"9910 edwards rd",buffalo,wisconsin,17196,jordan.carter49@example.com,bluegorilla487,pierce,PPWS8J0F,cc3d5079acdae946c58f99da4fa2adea,5a35210f2d11d44e38fe7dfa6832c96af3f22ea4,9842674b461fd9894c77fc9c054ae5a962b999bbb2c00387161a168d060f25d5,1202481702,1264117424,(250)-586-5112,(171)-506-9355,424-38-7868,http://api.randomuser.me/portraits/men/50.jpg,http://api.randomuser.me/portraits/med/men/50.jpg,http://api.randomuser.me/portraits/thumb/men/50.jpg,0.6,US
male,mr,harry,oliver,"2329 dogwood ave",buffalo,connecticut,83424,harry.oliver32@example.com,brownrabbit293,1942,JGnSPhhS,79f7ccc8d08dfeeeea772367ac22598f,2ee571c2c09cbb83b0a9d820edb4a1229bd07a16,3678def45cb47b2020a95bde32c37a3f0e9c60449154cb9828ccf52582ac0405,1404250411,833831293,(984)-680-9230,(607)-143-2992,686-14-3098,http://api.randomuser.me/portraits/men/16.jpg,http://api.randomuser.me/portraits/med/men/16.jpg,http://api.randomuser.me/portraits/thumb/men/16.jpg,0.6,US
male,mr,edgar,fields,"3764 w pecan st",mesa,massachusetts,46207,edgar.fields58@example.com,organicbear320,larry,R0v3Yk4p,99612b196d48436ebc711cad0ce1b922,06f53adfa51ccd50159ab89956fe6b4e2f3f4919,7e118194de91f5d7624aeabfab3efdc20de6a1c6e22b923f8697c72df5427aa2,1027100768,1047472919,(135)-916-4891,(824)-335-9805,115-87-8411,http://api.randomuser.me/portraits/men/28.jpg,http://api.randomuser.me/portraits/med/men/28.jpg,http://api.randomuser.me/portraits/thumb/men/28.jpg,0.6,US
female,miss,andrea,montgomery,"7849 country club rd",bueblo,"south carolina",38978,andrea.montgomery15@example.com,silverswan279,roberts,8GSr3Z7j,09a80daf59b185bfd835fa9bab699dcd,9ad21649d6c5ae3d9a554fc19956dd1940ff7e58,684d37bf7d1574457e3e963ccbca32689e61fc2a615670945523694908b51c5e,1081892723,1341014693,(397)-566-5014,(249)-938-5964,437-73-5798,http://api.randomuser.me/portraits/women/39.jpg,http://api.randomuser.me/portraits/med/women/39.jpg,http://api.randomuser.me/portraits/thumb/women/39.jpg,0.6,US
female,mrs,april,lynch,"6334 hogan st","rio rancho",wyoming,24546,april.lynch45@example.com,blackelephant847,bermuda,Z92IPrfD,bbf2d30e5122373797bf3e1b8f28762c,3047f34c63a652147d7f351c981bb242cd17c85c,fd781697afcad7cdcbc7b7898edf0da534efb12119cf4423d984236bce07923a,1077030661,17483543,(456)-716-9376,(588)-926-5831,998-49-7132,http://api.randomuser.me/portraits/women/37.jpg,http://api.randomuser.me/portraits/med/women/37.jpg,http://api.randomuser.me/portraits/thumb/women/37.jpg,0.6,US
male,mr,roberto,bates,"6404 westheimer rd",vernon,"new jersey",57426,roberto.bates93@example.com,lazymouse254,morris,5DYWNc20,3e11f09f05fe3f770c6658b13c9f5122,9452213686208a28b8d68fd90f9e67b463ff8a3b,dc0ac2d737181610ae2547ec807548b73956a3baecc9626ccc6beeeda9b5dcc3,943309598,313807318,(274)-258-7657,(278)-605-6436,941-81-3066,http://api.randomuser.me/portraits/men/27.jpg,http://api.randomuser.me/portraits/med/men/27.jpg,http://api.randomuser.me/portraits/thumb/men/27.jpg,0.6,US
female,miss,leslie,taylor,"9496 w 6th st",gilbert,minnesota,22218,leslie.taylor74@example.com,blueelephant911,hellas,mCjNWkXE,1d3cc88f82e7c47804d266f3d997f977,8c1e1c372821b1b80a72c214299dc5e6fd3694f4,5ae39292b5c4172aed65b9e3c49da9b1c714793a4c5406505ab4b62911aeca18,1224024274,1157581891,(912)-330-3542,(177)-422-1813,780-48-2953,http://api.randomuser.me/portraits/women/96.jpg,http://api.randomuser.me/portraits/med/women/96.jpg,http://api.randomuser.me/portraits/thumb/women/96.jpg,0.6,US
female,mrs,nora,austin,"7666 green rd",visalia,"south carolina",34150,nora.austin32@example.com,biglion210,1313,fnCTr9XC,fde6ff4cce22c5ddf2203c9756d4b0b5,fcbdcae6cccf3057d1920a5d4a7ec7ad271c4684,0849cd04cca11b412b283f530a85832327b0ef05fc8c0cc92e7f427cf0f36bc8,1189467171,1285792851,(264)-361-8091,(782)-980-4234,328-84-2142,http://api.randomuser.me/portraits/women/59.jpg,http://api.randomuser.me/portraits/med/women/59.jpg,http://api.randomuser.me/portraits/thumb/women/59.jpg,0.6,US
female,ms,marilyn,hunt,"6841 sunset st","west jordan",arizona,60049,marilyn.hunt98@example.com,greenwolf109,boobies,bZQxLXJH,878edf7df5f4bd0ee5f1bc73f87aae5e,349ebdd4ffbb45e91aba79cf73cb04905c39ed69,65b752dd1d351430d075b6bbd497c2f764363989d9df71387f0c20bfb50d6de6,1187452324,789407524,(548)-777-1032,(271)-942-2017,419-46-9821,http://api.randomuser.me/portraits/women/77.jpg,http://api.randomuser.me/portraits/med/women/77.jpg,http://api.randomuser.me/portraits/thumb/women/77.jpg,0.6,US
male,mr,ben,richards,"7598 washington ave","pembroke pines",alabama,12751,ben.richards98@example.com,ticklishtiger388,eugene,CaQzT4ZK,dcc48791f39bb318fcfb517ed2e5ca0d,b94fe4e194e74f73933e1c74d1a5432b64062380,f8df66cf22fb6e5c976a866436095e16c81b23b95cf8d5ee1c4312fbb2611c36,958700497,544885924,(656)-928-8200,(710)-660-8473,388-20-7439,http://api.randomuser.me/portraits/men/51.jpg,http://api.randomuser.me/portraits/med/men/51.jpg,http://api.randomuser.me/portraits/thumb/men/51.jpg,0.6,US
male,mr,alfred,coleman,"1472 northaven rd",amarillo,nevada,27958,alfred.coleman39@example.com,purpleswan631,walnut,KcaMzfZb,7ea769af19c4fc094d9d234d8b2e7dd7,5d90389f14583922e24f3d4ecbb0956e50b89ec4,24ff526461d5a9b3969c2ebfb2d0888e23dbc33ffc634e21bec60fcb7f6f0243,1283974344,75524523,(947)-232-4214,(142)-412-9059,763-58-3060,http://api.randomuser.me/portraits/men/23.jpg,http://api.randomuser.me/portraits/med/men/23.jpg,http://api.randomuser.me/portraits/thumb/men/23.jpg,0.6,US
male,mr,mark,young,"5321 camden ave",allen,"north carolina",98575,mark.young67@example.com,blueostrich997,bogart,8bR1CsQe,b6ee2157f82d4046b833900548517352,cefd526a0d885909ff08f28931588835a417dfb3,b16b5c73bde56712b1138285b03292716c5dd9f181f5e92a862c1f83656bbc81,1411278978,1250364591,(313)-509-2459,(130)-349-6419,319-52-4814,http://api.randomuser.me/portraits/men/76.jpg,http://api.randomuser.me/portraits/med/men/76.jpg,http://api.randomuser.me/portraits/thumb/men/76.jpg,0.6,US
male,mr,willie,butler,"6484 blossom hill rd",modesto,montana,81403,willie.butler22@example.com,biglion603,incubus,UKMktfwp,d62b5f18afbde7301d8cd6ce85066774,46c1eb8debd4f07323a86d066d5e609660aeac69,e1393cad828fcad63cc0b82c28a4ebd70dc75e63fa924c5ce2c48a7926de779d,1431726644,112231455,(911)-468-9337,(947)-362-8226,551-71-2373,http://api.randomuser.me/portraits/men/55.jpg,http://api.randomuser.me/portraits/med/men/55.jpg,http://api.randomuser.me/portraits/thumb/men/55.jpg,0.6,US
female,mrs,louise,harrison,"9829 lakeview st",tempe,pennsylvania,46992,louise.harrison35@example.com,redbutterfly415,magnus,BwWfoOki,77775f6cc5cac5d01c38a45982de2b78,c22e4168293540f764a79acbebac45e1aadc8d68,93a1fe45513af30ab85b791fc1e37fadb3bcc921d1eaacfc7e334e5afab4c7d2,1303842133,566726094,(853)-422-9217,(748)-617-9938,858-78-4377,http://api.randomuser.me/portraits/women/75.jpg,http://api.randomuser.me/portraits/med/women/75.jpg,http://api.randomuser.me/portraits/thumb/women/75.jpg,0.6,US
female,miss,anita,torres,"9490 miller ave",kent,delaware,61415,anita.torres68@example.com,crazykoala117,galary,9bS1SBPj,12b25e27c76e7f2f36b1bea817455160,f0392027411b5fc46f27612b3258c7efc9904298,02dd56ef0ccc65a5f922602421e820b76ade678e40b564170d429ae93dbd6ada,1038271025,1349455004,(701)-306-3314,(567)-141-7597,457-54-3595,http://api.randomuser.me/portraits/women/90.jpg,http://api.randomuser.me/portraits/med/women/90.jpg,http://api.randomuser.me/portraits/thumb/women/90.jpg,0.6,US
male,mr,billy,watkins,"7035 lakeshore rd",shiloh,illinois,46204,billy.watkins96@example.com,lazymouse94,zander,yzPHAOwd,48d20c856a3967bbbf83e425639cfc03,3c9ac5157fb3d52868e9f3d1812b81ed31fa60c9,7f53ffae9883572f83bd40043bd47f8cea6961d444489b72737db645b5601ca2,948989105,311012253,(103)-591-9514,(944)-701-8456,329-16-9983,http://api.randomuser.me/portraits/men/89.jpg,http://api.randomuser.me/portraits/med/men/89.jpg,http://api.randomuser.me/portraits/thumb/men/89.jpg,0.6,US
female,mrs,rachel,carlson,"3302 cherry st",bozeman,indiana,25075,rachel.carlson45@example.com,orangebear159,nt5d27,0eIapOjH,81004983800a18f5eb3f85ac7e070e8b,2da80bf2da77c55e1b52bcc05d78afc336a0b381,2763451ea072e2d7801e3f3533f2c113515f2c7e62c09f00e85d7a64f9c9dc8e,1054699071,565361536,(272)-326-9587,(922)-425-3404,766-63-3440,http://api.randomuser.me/portraits/women/80.jpg,http://api.randomuser.me/portraits/med/women/80.jpg,http://api.randomuser.me/portraits/thumb/women/80.jpg,0.6,US
male,mr,bill,walker,"9356 fincher rd",waxahachie,kansas,26299,bill.walker65@example.com,blueleopard593,fred,u5sMN75A,666ca68291b0ce192ebcf2dadd27a1be,1ebbacd9a9d7d7c346402455e7c1af054914b36b,dee70e145510b840b00a2d26ac5c48f8f9750e300507e15f75311bdab9159388,1181224026,572460511,(505)-868-6021,(844)-170-8392,466-51-3210,http://api.randomuser.me/portraits/men/42.jpg,http://api.randomuser.me/portraits/med/men/42.jpg,http://api.randomuser.me/portraits/thumb/men/42.jpg,0.6,US
female,ms,kelly,collins,"2520 spring st",grapevine,hawaii,66901,kelly.collins14@example.com,greenkoala364,elvis1,i92cuUid,c4cb8536bf5986d04905309eda5eb73a,a760f4f435d696bcba79f6385555df9d3da5c739,fd617a593c7469caec4eac70289b98d74f1c3a18a9da662a4bd14c001a67953d,1016238794,508340202,(612)-131-3479,(182)-155-9536,365-38-1048,http://api.randomuser.me/portraits/women/78.jpg,http://api.randomuser.me/portraits/med/women/78.jpg,http://api.randomuser.me/portraits/thumb/women/78.jpg,0.6,US
female,miss,herminia,hunt,"3978 w dallas st",waco,"rhode island",36297,herminia.hunt19@example.com,smallbutterfly123,design,TE24idj1,551db5480b4a95fd4bd6618a6cf8d2e0,6f4b28126a32336651d1c32b48567299dc88ffca,a689850cfe2fed00f3bd24e75bb5b07ba72d2ed29974d7e571c1d0882d490602,1361391975,52579554,(693)-637-7382,(796)-546-6402,424-75-4974,http://api.randomuser.me/portraits/women/56.jpg,http://api.randomuser.me/portraits/med/women/56.jpg,http://api.randomuser.me/portraits/thumb/women/56.jpg,0.6,US
female,miss,sylvia,taylor,"3675 sunset st",lafayette,montana,81626,sylvia.taylor77@example.com,blackelephant691,flames,vlUzcgf4,c6f4840c8ad12c72311e96ae726655fa,a1ae6bc228170f5e162fc7309a275061ef9745e6,a6d13a08200adff21bcc7fbcb13a3cabd6bdd69a7bb7b8a784d73b3039eafe21,932277281,595808214,(179)-110-3480,(471)-875-7707,570-66-4157,http://api.randomuser.me/portraits/women/85.jpg,http://api.randomuser.me/portraits/med/women/85.jpg,http://api.randomuser.me/portraits/thumb/women/85.jpg,0.6,US
female,ms,jenny,edwards,"1872 parker rd",salem,"west virginia",66924,jenny.edwards77@example.com,bluedog349,sales,obLzRFsJ,48b72a66638c28d64818c8f9a634ff9c,1df8f76f883a2e86bee2ec4d4fc0f51ee937bfff,56cd37ac9c29e135e4a1f90e8c5517b063cb8474fba613da537a5e57b14d9eee,1090789621,856319197,(722)-920-1519,(702)-669-4970,516-19-7847,http://api.randomuser.me/portraits/women/40.jpg,http://api.randomuser.me/portraits/med/women/40.jpg,http://api.randomuser.me/portraits/thumb/women/40.jpg,0.6,US
female,ms,edna,hart,"5193 mcclellan rd",downey,illinois,98511,edna.hart80@example.com,yellowladybug781,columbia,Newq3X6H,a01b739c6665661d0bf87f5a42ecc207,b67d811de1acd8e92871917f644c97e8cbd3d69b,dc97b45716d89d978ce181feee305bb1bd7722038bb9877ee0465f10252cffd4,1205277371,519885735,(622)-995-3428,(531)-960-5045,152-37-1128,http://api.randomuser.me/portraits/women/82.jpg,http://api.randomuser.me/portraits/med/women/82.jpg,http://api.randomuser.me/portraits/thumb/women/82.jpg,0.6,US
female,mrs,roberta,welch,"5871 lovers ln",lubbock,maryland,47477,roberta.welch66@example.com,brownostrich309,tigger,cK65oTCc,1ada5e81beb9f6607a54e27407c8e1d2,8de93d2212c4303fa5a68d7acba3a09c9a71393e,1ae007fe9ba1be4bdbee9e00b6538537d52e2219a84cbab3d8e7e358a2294f56,1410653233,843923027,(258)-647-6797,(578)-340-5729,553-79-3798,http://api.randomuser.me/portraits/women/70.jpg,http://api.randomuser.me/portraits/med/women/70.jpg,http://api.randomuser.me/portraits/thumb/women/70.jpg,0.6,US
male,mr,ian,lucas,"7745 sunset st",dumas,connecticut,60295,ian.lucas83@example.com,organictiger128,colors,SrV4nZ7N,134902b902f096010cbb290b51a23585,f515a85040cc020c4c42c984935358fda9fd81d6,88a58de5d0af8cd1804f56a17fe391e3e640078f8904208e6c568cba8aafc6e3,920554099,2981913,(189)-404-5719,(698)-775-5869,332-69-2179,http://api.randomuser.me/portraits/men/7.jpg,http://api.randomuser.me/portraits/med/men/7.jpg,http://api.randomuser.me/portraits/thumb/men/7.jpg,0.6,US
male,mr,ray,terry,"5939 bollinger rd",montgomery,maryland,51334,ray.terry35@example.com,organicelephant149,redbull,DZHGOx3U,1d1b477f3d51aa3f2f1d739989165418,34cac2e7073bb2a617b0f83721acf7e99370ada7,acae57d551afc3e072c7cc506e0a9e0d61dae43febe943793d93eedfbdbd7088,1420279070,999197233,(122)-851-5842,(587)-602-1557,631-33-1876,http://api.randomuser.me/portraits/men/45.jpg,http://api.randomuser.me/portraits/med/men/45.jpg,http://api.randomuser.me/portraits/thumb/men/45.jpg,0.6,US
male,mr,raymond,webb,"6893 cherry st","fountain valley",wisconsin,95357,raymond.webb28@example.com,whitefish376,13131313,owCAtjvw,40c83d0314bbb62ade9213986a5e91ac,1f4b861a3b39546fbe3ae7c13fc8bcff654bfe0b,932ceed491bdac2fe0085848bcf4800a905d5077684a2464de150bc7f4708b92,993099778,831305415,(218)-507-1702,(553)-113-7969,905-85-3958,http://api.randomuser.me/portraits/men/65.jpg,http://api.randomuser.me/portraits/med/men/65.jpg,http://api.randomuser.me/portraits/thumb/men/65.jpg,0.6,US
male,mr,larry,douglas,"9295 james st","fort worth","rhode island",41406,larry.douglas63@example.com,bigmeercat856,pitures,PTlUdw4i,0fd12c335a826c1d58036f0cd2b5c4e0,7fcb798719e484955e08b8cb2265ae40e4dd721c,ed9b45ea638706fb883e3f622b10f7c5aa677f16d71503ac9b5b3fe8d58d15c4,1300971302,123338055,(495)-195-3382,(784)-961-9385,976-47-4262,http://api.randomuser.me/portraits/men/34.jpg,http://api.randomuser.me/portraits/med/men/34.jpg,http://api.randomuser.me/portraits/thumb/men/34.jpg,0.6,US
male,mr,salvador,phillips,"5533 oak ridge ln",kent,georgia,59487,salvador.phillips41@example.com,goldenfish507,freddy,hfNT89IN,4bbd5daffacbcaa79141a7a6a28e79be,236518a4967abfa934a0734345b6cf32d857193d,117f2bc1643eec0ce9d81fb797826e39a792074073e8d98b5020fb522995876e,1057690965,883949594,(475)-390-1676,(568)-595-4108,380-87-6506,http://api.randomuser.me/portraits/men/74.jpg,http://api.randomuser.me/portraits/med/men/74.jpg,http://api.randomuser.me/portraits/thumb/men/74.jpg,0.6,US
male,mr,keith,boyd,"6595 smokey ln","new orleans","new jersey",94726,keith.boyd52@example.com,heavylion160,reeves,eaoUMr5A,80a68d10929eba3320dddee77cf21c15,c8170a3b47339c12c1f5f8cc6bafff793e6d925e,d8497d6ede4da060a15a48d6f8837607bdcc18178270718fd9cfa74b891e9def,990766371,333018176,(300)-786-1017,(730)-918-8529,349-30-5769,http://api.randomuser.me/portraits/men/81.jpg,http://api.randomuser.me/portraits/med/men/81.jpg,http://api.randomuser.me/portraits/thumb/men/81.jpg,0.6,US
female,mrs,kristina,morgan,"8686 e north st",concord,"north carolina",19682,kristina.morgan54@example.com,lazytiger985,momoney,bpMkkSBF,81ed6971d9411420cdb4121c2216ca6d,9aa15d545d3e06a9e33c7caee691eadf6d52eade,da90f0c485b47cc2418cd264992799ab57e5d3548e992c28ad73c2dc7f8e306c,996582120,139427667,(249)-786-9340,(857)-282-6285,224-88-6836,http://api.randomuser.me/portraits/women/74.jpg,http://api.randomuser.me/portraits/med/women/74.jpg,http://api.randomuser.me/portraits/thumb/women/74.jpg,0.6,US
female,miss,teresa,king,"5652 blossom hill rd","cedar hill",wyoming,37396,teresa.king82@example.com,yellowdog628,summer1,HUIuo6hQ,39c23749f049e52995925ad69b7655fd,2a73e041ffd020b0c0494ee6fc653179d812b143,3f8d7d3838546a11c57564066086db7fc32e033695d588a238256d6af4787b0a,1250272982,1011076771,(100)-863-5162,(570)-253-1663,184-73-5129,http://api.randomuser.me/portraits/women/87.jpg,http://api.randomuser.me/portraits/med/women/87.jpg,http://api.randomuser.me/portraits/thumb/women/87.jpg,0.6,US
female,ms,stacy,kelly,"1118 mcgowen st","rancho cucamonga",georgia,98151,stacy.kelly32@example.com,heavytiger597,byebye,FzprFiAV,6303a76a29ff7fe2b0e8d988a7b0b2b5,6bc13d716ea1edefbab34c5bd44f15e87c346398,6a1c68fc1b361364bf37d42b1052ee489461f5414de6da7a8bde5f49199e80c4,1211010688,496128361,(488)-492-6796,(984)-895-8355,206-54-1073,http://api.randomuser.me/portraits/women/17.jpg,http://api.randomuser.me/portraits/med/women/17.jpg,http://api.randomuser.me/portraits/thumb/women/17.jpg,0.6,US
female,mrs,alexa,brooks,"9866 bollinger rd","elk grove",oregon,12177,alexa.brooks76@example.com,blueleopard724,krista,cDMHJvzR,0e50da6178987d8cfb5a21d6467e59db,3c896f0dd27a450e25aec2c74c83b2131dc80111,56fc5507bb135c68f24c8f59c7fab45336bb1f6465c3969b1dc06c28917c3bfe,1436091459,989315964,(753)-313-6983,(420)-747-6866,200-11-7510,http://api.randomuser.me/portraits/women/63.jpg,http://api.randomuser.me/portraits/med/women/63.jpg,http://api.randomuser.me/portraits/thumb/women/63.jpg,0.6,US